1;44289;c2dbf1db4a50e273d752;94c45175ef591860dd27ef851d569575251ad8cd;verifyRM;Original
1;44289;3fe2416e617d9e9ce60b;6947ca3ef02ff45aa5df3e23b9f74b210884abe2;verifyRM;bug1
1;44289;4948d815d5fb2484b1be;276da7277b73e78c0f1cb27db35c3a4c5b5c8651;verifyRM;bug10
1;44289;f08b49a6697710420fa8;ec754c8397696d47f53d9f68feb72b7647bd9722;verifyRM;bug11
1;44289;fc9619a5d041ca23734c;dc63f7320bb9fbb008ccfd3d46441d4cc0836a02;verifyRM;bug12
1;44289;c9cde9d5e552afdf733d;ee156f9bc7ea841125ea85af22b4fe4525bac054;verifyRM;bug13
1;44289;42ffa6e0a51a537918a5;68f5dab225c641b66269199ac3067ee79e465313;verifyRM;bug14
1;44289;e06a1c582b09702b0a9b;42fce2a3a4da54cf23d185277f7cbf29ff876be1;verifyRM;bug15
1;44289;c2e9a47762e8b2c4da72;49cac964cc6ad8710df7db42e4fc653960be1e9f;verifyRM;bug16
1;44289;8d82188b75ee64919107;07125f72f61d0c17aa5e88fad4219a438c869d58;verifyRM;bug17
1;44289;c6b2e3eaaec765fba2fb;f9458482fb48cc7934819a76a198012e1281ea7b;verifyRM;bug2
1;44289;66209a09dc7407d3b06c;098da69bf68630d6b3467baa74c6a2cb5bb8ac10;verifyRM;bug3
1;44289;a43652fdce8d61f80eea;631eb9ead9a8c468eb8fa914cb6e8ebc44ab99f8;verifyRM;bug4
1;44289;aac368a12589c75bc9e1;48c9c23a62872decfa25935d944d5688403a9911;verifyRM;bug5
1;44289;080d466a1bf0295a4405;8928dbd648977c39d62a31be8081fec263d7e655;verifyRM;bug6
1;44289;dcec9a47163dc017b391;05d2ddc54fa925933821d0a273d3706825192e15;verifyRM;bug7
1;44289;4b3319b23b1e94900a06;5cc8d1a89fe6e335f938e4398c3aeb0538fff58c;verifyRM;bug8
1;44289;3f927d2739c7f6fe0b74;e2840535578f95b9cd13fc87f83479509c697083;verifyRM;bug9
